PoreSizeDistribution_geometric_WtAvg_x,MUKEY,ksat_r_WtAvg,Ks_WtAvg,dbthirdbar_r_WtAvg,dbfifteenbar_r_WtAvg,ResidualWaterContent_WtAvg,Porosity_WtAvg,EffectivePorosity_WtAvg,BubblingPressure_Geometric_WtAvg,PoreSizeDistribution_geometric_WtAvg_y
0.215799889167,661627,3.42911544372,0.00295336205712,1.33908365548,,0.0341239674741,0.465502224909,0.430092864214,2.04740803637e-320,0.215799889167
0.234147685982,661628,9.3690291105,0.0048887951425,1.40399900457,,0.045484456781,0.462001056399,0.416415440073,1.11105482437e-319,0.234147685982
0.16240575681,661629,0.762718083874,0.000914792048427,1.2425661764,,0.193473651001,0.458427970005,0.39803974197,4.08147630029e-320,0.16240575681
0.214790816042,661630,4.191957,0.00327029943699,1.47964993397,,0.0321551601279,0.458657137073,0.424873567374,3.4218986631e-320,0.214790816042
0.181448723404,661631,3.599155,0.00201308085106,0.841721597693,,0.0155482978723,0.416988723404,0.400974042553,7.12936726949e-321,0.181448723404
0.216464227363,661632,4.08010288172,0.00305003476057,1.20226961091,,0.0250648234762,0.473938915011,0.4475387909,2.23268265356e-320,0.216464227363
0.212995047619,661633,4.121384,0.00281937907483,1.44223859649,,0.0391879183673,0.463440802721,0.42305447619,2.81320978742e-320,0.212995047619
0.219521782853,661634,4.0,0.00344242890492,1.41716301767,,0.027482599359,0.464678768696,0.435421402778,1.98070917418e-320,0.219521782853
0.228074068556,661635,9.40121352171,0.00339066979349,1.14974222183,,0.0589398274836,0.472213922625,0.436111880774,6.17285617914e-320,0.228074068556
0.137469768312,661636,1.59114193644,0.00139901540585,1.03185470247,,0.0576999805308,0.33585652267,0.307600851589,4.12198968325e-320,0.137469768312
0.2133523937,661637,3.53961533477,0.0030975704801,1.35742665709,,0.0372770219682,0.465542962607,0.433167133047,5.61752639321e-320,0.2133523937
0.206563735921,661638,3.65087174888,0.00315645605206,1.31738556964,,0.026163961796,0.44288144086,0.4150827515,2.46736383533e-320,0.206563735921
0.196657144984,661639,2.79736351432,0.00222904897528,1.3600095569,,0.0833455227437,0.471388555838,0.432513056113,3.5577667157e-320,0.196657144984
0.191255688971,661640,2.94796702,0.00184435536067,1.33848326426,,0.101259218701,0.473430065501,0.424495169902,6.66099303723e-320,0.191255688971
0.207638902817,661641,3.55751520404,0.0025750326194,1.34114061417,,0.0366917595687,0.475584340151,0.44522585166,3.12397707865e-320,0.207638902817
0.204474060765,661642,3.70731096926,0.0022567764533,1.33351136626,,0.0650661322209,0.476406966245,0.434836446898,5.45596692702e-320,0.204474060765
0.156241162641,661643,1.06952638655,0.000949050921979,1.35120251291,,0.19856026115,0.46406873716,0.403228740438,5.77809772811e-320,0.156241162641
0.191020318245,661644,3.9616707744,0.00195671750933,1.40376247692,,0.200580510242,0.474382925155,0.419232522698,9.00385232981e-320,0.191020318245
0.203311031393,661645,2.43731613488,0.00201327032141,1.34123443772,,0.0764987331697,0.469317431698,0.419800994223,7.61799819323e-320,0.203311031393
0.228865734619,661646,6.43138579336,0.00677941921026,1.40255626065,,0.061904714018,0.472667905299,0.428602666444,6.91543684484e-320,0.228865734619
0.343019923378,661647,21.521743615,0.0212102647245,1.47608864332,,0.0445298531292,0.468791083488,0.442026173374,6.97472472234e-320,0.343019923378
0.298262522795,661648,29.0752790304,0.0156204665141,1.33699025746,,0.0531259169927,0.417360621196,0.387749151501,1.11846580906e-319,0.298262522795
0.183996065844,661649,3.69970066615,0.00222781884443,1.22511258277,,0.134071563643,0.461046655204,0.408656518127,4.49747957409e-320,0.183996065844
0.207921093155,661650,3.95835576392,0.00238926057465,1.37375582106,,0.097387627639,0.473348964129,0.429543525905,9.42529032571e-320,0.207921093155
0.225842750095,661651,5.0028768353,0.00393971905714,1.54005732952,,0.0277249144161,0.463658432864,0.434056310384,3.56913022556e-320,0.225842750095
0.277505266118,661652,14.186957182,0.00640649380695,1.38712401858,,0.0332531259484,0.435112281208,0.401906228215,1.70339012717e-319,0.277505266118
0.199492144664,661653,3.36161641986,0.00164549675992,1.38049964026,,0.0220460233126,0.493070440137,0.470582708232,9.21135990106e-320,0.199492144664
0.205438242678,661654,3.50476968201,0.0033014993039,1.48160317111,,0.0277115899582,0.441250669456,0.411764100418,3.23563591461e-320,0.205438242678
0.21894,661655,4.2343,0.00349276,1.24247828947,,0.02724,0.4653,0.43624,2.69364590113e-320,0.21894
0.263072328563,661656,6.27060433856,0.00457827597886,1.32248039397,,0.0305544949041,0.47173264319,0.44226144268,1.32083509759e-319,0.263072328563
0.278680064847,661657,30.4998043222,0.0100156463743,1.52045077296,,0.0414718066355,0.466490543487,0.425158194706,1.1308174502e-319,0.278680064847
0.303951209016,661658,52.9637952226,0.0215155003182,0.650729390681,,0.0176510843054,0.332111893508,0.314262414075,1.18150858546e-319,0.303951209016
0.503616221196,661659,102.26200777,0.0433375063402,1.49926233184,,0.0241489579541,0.445644078498,0.421998290192,1.95763630852e-319,0.503616221196
0.22013343662,661660,4.27938619718,0.00362831594366,0.728,,0.0268016056338,0.46387456338,0.435143211268,2.20353278045e-320,0.22013343662
0.48686570166,661661,36.5206141472,0.0373807102407,1.59841835664,,0.0223437277446,0.450200490798,0.42763176198,1.87359574216e-319,0.48686570166
0.333599306441,661662,16.6197878013,0.00967297663057,1.29429756098,,0.0388170017247,0.453728766753,0.41754838837,6.11006043555e-319,0.333599306441
0.17558884278,661663,3.81087,0.00166354508772,1.06626153846,,0.0394621322537,0.421688076923,0.381371187584,2.21341409337e-320,0.17558884278
0.217688438116,661664,3.95643389706,0.00326003152138,1.06746856725,,0.034935618922,0.465258060972,0.42893515304,2.7321830215e-320,0.217688438116
0.285961020685,661665,26.9434350908,0.012651573403,0.968854150889,,0.0252108166699,0.470143671412,0.444340669559,9.00533452675e-320,0.285961020685
0.162347439785,661666,2.89123476635,0.00175032001445,0.530299365093,,0.0180632863662,0.378012330685,0.359344356449,1.92982041266e-320,0.162347439785
0.212741751532,661667,3.88590979208,0.0026870152913,1.04438089283,,0.0369014103859,0.472102368829,0.440364545026,2.93919652711e-320,0.212741751532
0.19501806112,661668,6.40212584301,0.00188354433634,1.32979653419,,0.117960655959,0.480893476302,0.439919331598,3.55974297829e-320,0.19501806112
0.216712638481,661669,4.0,0.00303951605511,1.47815551415,,0.0237741846412,0.47535708197,0.450274533222,1.1640186616e-320,0.216712638481
0.219678882562,661670,4.0,0.00344523010676,1.49913924986,,0.0265898434164,0.465465829181,0.437103345196,2.87990864961e-320,0.219678882562
0.210182381077,661671,4.39353464087,0.00246686163779,1.35640938717,,0.0321186198619,0.482058038188,0.45568744503,6.79290856467e-320,0.210182381077
0.214971130297,661672,5.53500316823,0.00302738224102,1.35121879828,,0.0441752354438,0.473705387784,0.44364402444,4.3833504099e-320,0.214971130297
0.212509032659,661673,2.3886530749,0.00274277144386,1.29933979757,,0.0390146024291,0.46567623691,0.425586960594,2.36855070616e-320,0.212509032659
0.184835437289,661674,2.94133818378,0.0015272759888,1.36769021006,,0.123830943291,0.473751009862,0.424238462217,4.07900597207e-320,0.184835437289
0.204331530789,661675,1.89249917881,0.00174577738994,1.3886472112,,0.0522978594976,0.468377291697,0.416009259415,4.46240091324e-320,0.204331530789
0.215986509992,661676,4.88645257818,0.00296726029424,1.38188076462,,0.0237144572576,0.476409199237,0.451461467264,4.16299713186e-320,0.215986509992
0.216622069042,661677,4.0,0.00292041835831,1.38693981595,,0.0248308449597,0.473320298509,0.447213020849,2.29641712187e-320,0.216622069042
0.221895525429,661678,4.56282291993,0.00378312104115,1.17123392974,,0.0253163234406,0.468876904626,0.441933275272,1.57310501636e-320,0.221895525429
0.217548571429,661679,3.5116,0.00337506857143,1.39492965539,,0.0315257142857,0.463094285714,0.429851428571,1.63733355032e-320,0.217548571429
0.157503558771,661680,2.71205349474,0.00249095185264,1.01136710521,,0.0187663658253,0.340614144754,0.320915744475,2.31519161641e-320,0.157503558771
0.219991839599,661681,4.0,0.00315910783627,1.41954553485,,0.0252072382777,0.471131979778,0.444597446011,1.9777447803e-320,0.219991839599
0.2195360661,661682,5.60363494294,0.00300664501712,1.35627378161,,0.0230857411619,0.478478471593,0.454438521484,2.36756257487e-320,0.2195360661
0.216599637388,661683,4.69241142594,0.00288554403067,1.35484793305,,0.0296623823853,0.477744301628,0.451277588148,6.37641122523e-320,0.216599637388
0.202553162871,661684,3.53247857143,0.00181920561914,1.41000909335,,0.0199861958152,0.493283119578,0.472801180633,1.22775312992e-320,0.202553162871
0.219832994652,661685,4.0,0.00352720855615,1.34828425905,,0.026789197861,0.464437219251,0.43578802139,2.12547040841e-320,0.219832994652
0.218796962025,661686,4.0,0.00342206582278,1.37246855263,,0.0253959493671,0.468079493671,0.440950886076,3.85865269402e-320,0.218796962025
0.219702608696,661687,4.0,0.0036011826087,1.32649828375,,0.0266034782609,0.464255652174,0.43571826087,2.28999426847e-320,0.219702608696
0.310200115353,661688,25.1608567003,0.0123945364203,1.53795247448,,0.0228955461875,0.471059636886,0.447654700588,9.65750117926e-320,0.310200115353
0.219361459854,661689,4.0,0.00353371094891,1.33881537713,,0.0261486131387,0.465696058394,0.437689343066,6.99596954511e-321,0.219361459854
0.221699861601,661690,4.39959981687,0.00370703532086,1.43701357022,,0.0262578611687,0.466393475852,0.43841767762,2.45550625983e-320,0.221699861601
0.255572039752,661691,14.7952157728,0.00656455151909,1.47130753719,,0.0265250528608,0.472338303664,0.445613486322,8.61057607572e-320,0.255572039752
0.224908167042,661692,13.7294930028,0.00493863075454,1.33872565447,,0.0598811385824,0.461004402496,0.42001182246,6.65407611819e-320,0.224908167042
0.296138564688,661693,41.1983711806,0.0118460039979,1.5247712369,,0.0268540331909,0.466360429226,0.439588452007,1.05186576e-319,0.296138564688
0.175623236341,661694,3.18185263158,0.00221464615825,1.22729939702,,0.0181415081041,0.394913469951,0.375964692952,3.45055447056e-320,0.175623236341
0.247004623024,661695,9.45158059299,0.00980243398793,1.30945211492,,0.0207280088953,0.394057585488,0.373116346,1.68856815779e-319,0.247004623024
0.214742092379,661696,5.03140007539,0.00274303735718,1.38210538382,,0.0303751082902,0.464798948605,0.434141870216,9.80819120124e-320,0.214742092379
0.185480343982,661697,3.45055578947,0.00206087874544,1.27074406184,,0.016308283204,0.426329576872,0.409528141204,3.6654730265e-320,0.185480343982
0.216894129638,661698,3.99950187696,0.00313762109538,1.30537418902,,0.0264478479086,0.471470488177,0.443612614373,2.3463177521e-320,0.216894129638
0.224446488283,661699,6.95023390333,0.00370982304281,1.38405577612,,0.0348831355625,0.467206767936,0.431598181585,7.61651599629e-320,0.224446488283
0.190286218589,661700,4.14280247446,0.00175988690419,1.31944904136,,0.0525109363593,0.469465320064,0.420362159846,9.95690496064e-320,0.190286218589
0.172798068897,661701,5.30690655622,0.00217306210723,1.2198893185,,0.0439738382544,0.396309712004,0.352629739871,1.36762311425e-319,0.172798068897
0.212054549633,661702,5.33784771894,0.00259551092443,1.42940982477,,0.02497324761,0.48006110298,0.454147731109,2.78900057077e-320,0.212054549633
0.119310536541,661703,12.7554517405,0.00264580499889,0.643608487931,,0.0196673927544,0.262870298078,0.243348234043,2.58939804985e-320,0.119310536541
0.174101221417,661704,1.3697322064,0.00340178562738,1.35772806774,,0.150550641576,0.475575297996,0.417097455859,8.64960726174e-320,0.174101221417
0.305748615904,661705,21.6987185154,0.0106874489904,1.55663413715,,0.0297106025578,0.465104986758,0.436374011103,2.9694827512e-319,0.305748615904
0.22907497507,661706,6.09007363679,0.00309751938914,1.43512194399,,0.0296692337157,0.478396684998,0.448751561009,8.07500891563e-320,0.22907497507
0.359926850115,661707,32.2523248791,0.0218239085976,1.55437581964,,0.0243352939854,0.462876778401,0.438144460041,1.19267446906e-319,0.359926850115
0.21818857991,661708,2.6416131159,0.00330174135994,1.40803938121,,0.0245847732131,0.470648218159,0.444465982743,2.99255561686e-320,0.21818857991
0.260063945785,661709,10.9459319842,0.00825594172406,1.48569175043,,0.0231801722926,0.475911080245,0.452203140733,6.78796790821e-320,0.260063945785
0.202619051366,661710,4.38969283426,0.00305010118452,1.31209178571,,0.0221082038782,0.435206638876,0.411853258773,3.53602782729e-320,0.202619051366
0.239523242036,661711,9.30430737258,0.00511140072944,1.48199631762,,0.0487020491685,0.46761972739,0.419376846823,7.6921080401e-320,0.239523242036
0.282610264734,661712,15.8414420185,0.0102299844816,1.48305766198,,0.0287082385022,0.46877104569,0.439934549617,1.31905646127e-319,0.282610264734
0.31252,661713,18.1227,0.01669582,1.20713333333,,0.0241113333333,0.368362,0.344939333333,2.13154741585e-319,0.31252
0.452269285714,661714,29.6834,0.0385943142857,1.46157638795,,0.0217657142857,0.427838571429,0.405598571429,9.19900825992e-320,0.452269285714
0.264611747865,661715,13.6631,0.0152714686265,1.07772116471,,0.0202374520895,0.324494570529,0.304893658971,1.08936534252e-319,0.264611747865
0.202964269103,661716,4.4279,0.00412983322259,1.25769127538,,0.022302358804,0.416920863787,0.393216445183,2.73761774361e-320,0.202964269103
0.173386428349,661717,2.66110114478,0.00189153028175,1.1887341239,,0.0223173926812,0.404775108736,0.381753038748,4.51724219993e-320,0.173386428349
0.0263216282362,661718,0.442752061856,0.000380955733674,0.163598033601,,0.00322597241437,0.0568531720742,0.0534785908917,2.04246737991e-320,0.0263216282362
0.190877990897,661719,3.37191333863,0.00272333319566,1.20785815627,,0.0275750151057,0.411582324198,0.383377600094,7.5379595586e-320,0.190877990897
0.181354842561,661720,6.95781729712,0.00400340478741,1.05086519806,,0.0324630531017,0.339711382316,0.318447977361,4.13928198086e-320,0.181354842561
0.189103562029,661721,5.21297593742,0.00326469126631,1.14330198555,,0.0244067416256,0.371054110325,0.346479558872,7.3299579217e-320,0.189103562029
0.200727538265,661722,2.80225621034,0.00245535657387,1.34837825813,,0.0268631398989,0.453309859045,0.425528541657,3.38385560837e-320,0.200727538265
0.217814375295,661723,3.94525208886,0.00328592314835,1.36946928436,,0.0252647045497,0.470161453916,0.443300025094,4.18473602028e-320,0.217814375295
0.22504207167,661724,7.48825992784,0.00439860369326,1.37827761873,,0.0272153273608,0.463761181429,0.434679352828,2.4950315115e-320,0.22504207167
0.215277011677,661725,3.1817093649,0.00295785971518,1.34708246245,,0.0297467874949,0.471040727962,0.440039592042,3.90361266779e-320,0.215277011677
0.365733722373,661726,25.3520485761,0.0163533941952,1.46600050741,,0.0379799496342,0.453258063139,0.420921708128,4.57435618859e-319,0.365733722373
0.267294216724,661727,11.6863431172,0.00902282342484,1.4150925734,,0.0415122165723,0.470692261006,0.43876254924,1.6985976904e-319,0.267294216724
0.502102546116,661728,95.4247550565,0.0397169964203,1.50866017731,,0.0268759613747,0.442307982912,0.416054171837,3.80568885679e-319,0.502102546116
0.39551783487,661729,33.252569485,0.0186196949862,1.61203308151,,0.0337684774985,0.450310720468,0.417924901195,5.09485434648e-319,0.39551783487
0.300959835853,661730,12.5875392181,0.00998900757452,1.55448909946,,0.0305117535198,0.467487795222,0.438114879354,3.9683352674e-319,0.300959835853
0.26796837859,661731,21.8523710392,0.00961716288554,1.37834118879,,0.0475220229251,0.460955273153,0.41347127006,1.08901949656e-319,0.26796837859
0.218738601399,661732,10.1595,0.00562015384615,1.08364713818,,0.0266691608392,0.2985,0.273704895105,2.55402294961e-319,0.218738601399
0.351161630503,661733,26.3738698832,0.0227233211758,1.17694460213,,0.0214027275106,0.318027306316,0.296566670094,1.28867142405e-319,0.351161630503
0.364369440152,661734,45.6409737705,0.0271617326099,1.30701560051,,0.0197230247653,0.371508852459,0.35192450036,2.07072793485e-319,0.364369440152
0.241717446497,661735,6.31239266363,0.00394818662357,1.37209797387,,0.0275875432047,0.471758492109,0.44401702893,7.01573217095e-320,0.241717446497
0.415454528875,661736,64.8779069421,0.0278522827856,1.51050656911,,0.0306616605775,0.450473040202,0.420592104564,2.22161558309e-319,0.415454528875
0.218968073605,661737,3.92941992032,0.00347496842042,1.50858799808,,0.0260249333601,0.466717187079,0.438907683511,2.54542620737e-320,0.218968073605
0.198852898814,661738,4.53486073298,0.00307536548777,1.21140480046,,0.0225980489369,0.422888507319,0.398944776151,3.77021494341e-320,0.198852898814
0.247209138792,661739,5.68990893582,0.00416825871496,1.40232142295,,0.0355472739798,0.465106634424,0.429804764691,8.54733567305e-320,0.247209138792
0.21524,661740,3.92,0.0035156,1.42398684211,,0.02598,0.45526,0.4274,2.9821802383e-320,0.21524
0.185236583481,661741,3.6948,0.00394975349609,1.13497475528,,0.0318681659542,0.380198483774,0.347187905459,5.2573525374e-320,0.185236583481
0.229541707607,661742,12.0887295374,0.00752502152493,1.0722756608,,0.0305998279648,0.312831045564,0.283218240031,3.97016331029e-319,0.229541707607
0.27374534305,661743,13.7162648731,0.00640232369929,1.325314766,,0.0291449568567,0.425687406502,0.397513824652,1.03635209872e-319,0.27374534305
0.271479446367,661744,18.2052,0.0142272923875,1.02134782609,,0.0215034602076,0.28011,0.259332975779,1.36327533657e-319,0.271479446367
0.30766,661745,41.306,0.0223717,1.2526,,0.0137,0.37211,0.35841,7.71928165062e-320,0.30766
0.24014,661746,49.9611,0.0217701,0.7699,,0.0089,0.21179,0.20289,4.53502856318e-320,0.24014
0.217125340321,661747,3.83655139442,0.0031583572326,1.44403276805,,0.0257755666426,0.471705101382,0.444480698599,1.18822787825e-320,0.217125340321
0.230096556501,661748,9.05183912776,0.00454720837981,1.55083548035,,0.0201793983949,0.48398210604,0.463178537037,5.54391061198e-320,0.230096556501
0.218859506141,661749,3.97247527675,0.00328356803319,1.51578678019,,0.0243734422414,0.471628655924,0.445759448129,1.80729213249e-320,0.218859506141
0.267734515276,661750,17.2443268187,0.0118125064235,1.41463063484,,0.0410693418604,0.467071850967,0.425712670315,8.97371432541e-320,0.267734515276
0.233738319512,661751,4.11824251575,0.00378275781017,1.31597555759,,0.0321395119664,0.465766778074,0.43295196684,9.15207202356e-320,0.233738319512
0.207115114519,661752,2.85008021878,0.00241474624672,1.42516317824,,0.0369344385988,0.472881155373,0.435132526872,3.25836293432e-320,0.207115114519
0.18473242573,661753,3.06818303111,0.00269704434707,1.53434138319,,0.13149324168,0.467369924202,0.393761905962,5.44312122023e-320,0.18473242573
0.289774348184,661754,19.199291937,0.0124686509467,1.34499683541,,0.176711351725,0.415985124616,0.377770072648,1.46095211475e-319,0.289774348184
0.243322008391,661755,6.05833582245,0.00660670956988,1.42604923561,,0.0260403458463,0.47067816482,0.443704500854,6.22078054679e-320,0.243322008391
0.154544151726,661756,4.115246212,0.00188218134646,1.0409525161,,0.0278496269384,0.33398941635,0.306185579936,2.19295977563e-319,0.154544151726
0.269269962014,661757,9.13107391284,0.00579059146182,1.31485096922,,0.0354349485891,0.431064483873,0.396543809219,2.95387027679e-319,0.269269962014
0.118059045226,661758,2.30013984925,0.00164697823279,0.161477386935,,0.0318826633166,0.281842211055,0.24950879397,3.15707947693e-320,0.118059045226
0.326161988056,661759,40.3312342265,0.0169837552126,1.45920109857,,0.0372742306043,0.4619357667,0.425441824981,1.48610005613e-319,0.326161988056
0.205294894535,661760,4.6701650129,0.0029706786768,1.4079972214,,0.0204803908916,0.450538547441,0.42900416625,1.75294491144e-320,0.205294894535
0.0219674789916,661761,0.42343,0.000359568067227,0.155,,0.00265663865546,0.0464373109244,0.0435878991597,4.42188753028e-321,0.0219674789916
0.283254672439,661762,7.33068554813,0.0060573712577,1.43927028779,,0.0303058269226,0.466104998825,0.436021007111,1.68629545582e-319,0.283254672439
0.219430936858,661763,3.11580266072,0.00310696402435,1.35710173292,,0.0402501675857,0.434960632018,0.401588177693,1.00196512977e-319,0.219430936858
0.197994156454,661764,4.25127827147,0.0047822542516,0.950125283209,,0.0230025861347,0.296262038635,0.273678932453,1.61816380326e-319,0.197994156454
0.162862333313,661765,2.70301158809,0.0010852251614,1.30374066649,,0.0519744404104,0.446059960061,0.396768275876,8.24200310392e-320,0.162862333313
0.157989458823,661766,2.05313668964,0.00132919253003,1.13443486657,,0.0261706581307,0.386146870322,0.359534438632,5.78155618763e-320,0.157989458823
0.14011040363,661767,2.92695806452,0.00221123707975,0.93394861682,,0.0149158367089,0.319804525007,0.304318854191,3.14324563884e-320,0.14011040363
0.316956936023,661768,20.0487085744,0.0104862326891,1.41553992676,,0.0313842409347,0.46543716119,0.435721772635,1.68412156698e-319,0.316956936023
0.191643906968,661769,5.2270866036,0.00205016990535,1.2998910685,,0.0215408132184,0.443035683089,0.421192031769,5.65260505407e-320,0.191643906968
0.196970263559,661770,4.60887310215,0.00240085607436,1.29043703208,,0.0301693790714,0.417080758297,0.386908856008,8.10909944519e-320,0.196970263559
0.213663942055,661771,3.91523636364,0.00254348187311,1.33518271071,,0.0205991954673,0.485507396172,0.464118637823,7.68766144929e-320,0.213663942055
0.21684240748,661772,3.52856842105,0.00303549836819,1.41456065724,,0.0227898766395,0.476332057308,0.452243867896,2.71686698648e-320,0.21684240748
0.331461093009,661773,43.4677990716,0.0190957514867,1.26476890009,,0.0359700571528,0.459843936091,0.423888253782,1.54864876689e-319,0.331461093009
0.230209893294,661774,17.5441281985,0.00481781653918,1.2101072309,,0.0314324534156,0.401255573294,0.370025951345,1.70986238713e-319,0.230209893294
0.177557725331,661775,3.55265286012,0.0018392044367,1.21812552193,,0.0853791231438,0.411169793871,0.369931260481,8.49249438637e-320,0.177557725331
0.203845997996,661776,10.238313444,0.00334546839096,1.25245828917,,0.042190625611,0.425068658891,0.392774443017,5.96485454224e-320,0.203845997996
0.374630273515,661777,37.5370774495,0.0192645987162,1.59883224367,,0.0296979667435,0.458500703206,0.430121738761,1.25057896275e-319,0.374630273515
0.149256825834,661778,1.94787968088,0.00176287197524,0.995728424357,,0.0225147772551,0.326375498772,0.30336369644,3.59136317962e-320,0.149256825834
0.259457853069,661779,9.0258427894,0.00447173330448,1.37678415017,,0.0296803788293,0.471116104867,0.442278052928,1.23506530147e-319,0.259457853069
0.252056238092,661780,26.4365312322,0.0076407559141,1.49070059158,,0.0388801760823,0.468374791295,0.432252593509,9.13082720079e-320,0.252056238092
0.235163188021,661781,5.77469175064,0.00363191631826,1.41486178884,,0.0570666598038,0.467942864427,0.430308940038,1.22997642532e-319,0.235163188021
0.226779689795,661782,10.6256923077,0.0052913908366,1.10791230015,,0.0277167961663,0.334651872652,0.308593691224,7.33287290901e-319,0.226779689795
0.264495228279,661783,13.3110803976,0.00577739943564,1.49994140891,,0.0308916754129,0.466607121564,0.435975893873,1.44608073881e-319,0.264495228279
0.294703022018,661784,16.882124213,0.00817721122476,1.49318485042,,0.0347381808515,0.460972380464,0.42756379502,2.68826058559e-319,0.294703022018
0.207343444076,661785,1.79011884469,0.00247431188827,1.47581090387,,0.0521795280332,0.464895454323,0.420210279961,8.81561331875e-320,0.207343444076
0.243847115765,661786,7.18578763771,0.00424571873134,1.37813427721,,0.0336701381226,0.470586578723,0.439040109105,1.05389142914e-319,0.243847115765
0.275684199282,661787,4.69483460068,0.00736913795893,0.91131546785,,0.029811137537,0.418103648087,0.390076728277,4.20662312839e-319,0.275684199282
0.231792990324,661788,16.8006671733,0.00594864233192,1.32882539383,,0.0223864533506,0.427472277826,0.40476528946,7.12442661303e-320,0.231792990324
0.224419182582,661789,3.03928861522,0.00260575671986,1.42784549463,,0.0310372283111,0.474550501859,0.443560273131,9.1718346494e-320,0.224419182582
0.213009504806,661790,5.58473503042,0.00263530974707,1.36454177232,,0.0231541865086,0.481743766593,0.457742479171,2.50787721829e-320,0.213009504806
0.20952424088,661791,4.86949721478,0.00230395464408,1.31844379083,,0.0335825231567,0.479610945798,0.4480752529,4.90261340368e-320,0.20952424088
0.263857114964,661792,16.5794766892,0.0058871174415,1.4956563972,,0.0383964455929,0.461494824569,0.423096535066,1.3870893007e-319,0.263857114964
0.298450107619,661793,29.0456577539,0.00986541045641,1.48560218642,,0.0321089146617,0.462867618438,0.430857272146,1.65650329738e-319,0.298450107619
0.253085438554,661794,3.82282857143,0.00405370738346,1.37967509021,,0.0273957302419,0.477762450029,0.451288460658,6.54389947917e-320,0.253085438554
0.23593705465,661795,6.48395558353,0.00576798093073,1.51614498575,,0.0350454738407,0.474963700233,0.445267755341,7.04587017534e-320,0.23593705465
0.298170101997,661796,50.5831460933,0.00676646801955,1.47301618655,,0.0235367509562,0.477507012325,0.454010635359,7.5433942807e-320,0.298170101997
0.234926624411,661797,5.5910229119,0.00322611879938,1.50572351934,,0.029586023716,0.48182728287,0.452573031534,8.47124956359e-320,0.234926624411
0.230581988274,661798,9.64837380879,0.00431888935457,1.422037776,,0.0277030332643,0.450509665639,0.423196003259,6.64024228011e-320,0.230581988274
0.222301650654,661799,5.78746278693,0.00340739445871,1.27909818093,,0.0253701916125,0.419346616682,0.394911886003,8.4465462813e-320,0.222301650654
0.242357006754,661800,5.63380718153,0.00367563753671,1.38979906216,,0.0491767028171,0.472426178341,0.438459410104,1.24445254874e-319,0.242357006754
0.410043687734,661801,82.289432659,0.0228858559662,1.47178345466,,0.0452828754637,0.452516058803,0.420516466365,1.58318395553e-319,0.410043687734
0.188854797975,661802,3.08295357551,0.0016742383055,1.37147063982,,0.0257715625831,0.4671179048,0.440834654492,3.12051861913e-320,0.188854797975
0.347562675312,661803,45.5109974153,0.0113298400301,1.4846644608,,0.0288745999321,0.462027927175,0.433267586502,1.40581438868e-319,0.347562675312
0.416126966657,661804,67.7712494596,0.0256967053808,1.55442959927,,0.0270168203765,0.455161186581,0.428732184403,1.89429709272e-319,0.416126966657
0.216717886746,661805,7.19552285303,0.00377259276956,1.32132656216,,0.0277345224225,0.431032787561,0.403597400923,9.98753703068e-320,0.216717886746
0.287034235932,661806,32.9025452339,0.0105723475299,1.38291000869,,0.0467147733562,0.47113140771,0.437537075317,1.12128198324e-319,0.287034235932
0.240275161641,661807,21.8020712643,0.00841345147938,0.914873135013,,0.0238388762595,0.455798022471,0.433551074666,8.24447343215e-320,0.240275161641
0.166196175649,661808,4.24049171576,0.00222344381273,1.10897279293,,0.026094744649,0.379357451474,0.352533051186,3.82258590187e-320,0.166196175649
0.306022526136,661809,41.557143505,0.0116806199398,1.45575909916,,0.0391904178708,0.465690116876,0.43371888106,1.22058917805e-319,0.306022526136
0.163062572178,661810,10.6407847096,0.00333597574472,0.918049816403,,0.0152918626854,0.270955404391,0.256139347294,1.08768551932e-319,0.163062572178
0.09775041841,661811,0.146163075314,0.00105118271431,0.904048117155,,0.0306734309623,0.25905460251,0.227865690377,7.55920438137e-321,0.09775041841
0.207223726802,661812,7.42348379316,0.0028881419178,1.31265760999,,0.061008439418,0.453954686709,0.416659472327,8.58834312166e-320,0.207223726802
0.228663608821,661813,14.5346595767,0.00352762064115,1.37287381129,,0.102051017243,0.473224858377,0.436091619397,1.4360512062e-319,0.228663608821
0.290529613653,661814,19.8799192534,0.00616895339685,1.07307716505,,0.0286177811134,0.470510850356,0.442675245709,2.94191388816e-319,0.290529613653
0.180076961697,661815,1.36546815113,0.00184372354628,1.35121915143,,0.0481401108802,0.480342382646,0.431816851967,1.61193857612e-319,0.180076961697
0.19655396341,661816,5.13136353499,0.00243017276593,1.29876778186,,0.0442879048919,0.449222651605,0.411291264703,1.15398912899e-319,0.19655396341
0.310677221494,661817,19.2118119868,0.0213409984457,1.38689257655,,0.0390424484474,0.427636513448,0.388318759873,2.51212618284e-319,0.310677221494
0.290565300691,661818,35.283080482,0.0163044615426,1.41751968258,,0.0681098601884,0.464541459958,0.41645047795,1.53456789598e-319,0.290565300691
0.224617649335,661819,4.92892503579,0.00386989603529,1.45470785807,,0.0237022249631,0.47709347124,0.452350279966,4.62593664201e-320,0.224617649335
0.184954565587,661820,3.13241348353,0.00256228625586,1.24033617053,,0.0509625436473,0.429942341638,0.378849833129,1.23091515005e-319,0.184954565587
0.179872519698,661821,3.07381921155,0.00135845719665,1.2438154206,,0.0262603415174,0.464402558547,0.437532771197,3.76873274648e-320,0.179872519698
0.193148997159,661822,2.60855334859,0.00161670618332,1.47448036718,,0.150315379277,0.474725557115,0.426968527059,1.22073739774e-319,0.193148997159
0.189140290491,661823,2.49915950416,0.00164650000933,1.35475127424,,0.153244691239,0.471268626039,0.422932786922,1.20176527694e-319,0.189140290491
0.315723196731,661824,25.310338631,0.00738423376436,1.25693539546,,0.0376929216678,0.453515408524,0.417472315102,2.62027715272e-319,0.315723196731
0.307091648013,661825,10.2697171894,0.00751423185563,1.33296343337,,0.0396858915678,0.446627571098,0.407764289471,1.35902637202e-319,0.307091648013
0.232297734625,661826,5.10469201137,0.00394405921933,1.31681045528,,0.032131449933,0.446122588212,0.414076027607,8.61749299476e-320,0.232297734625
0.180042804548,661827,4.20737054136,0.00266591755858,1.1179389351,,0.0253675536139,0.385860624306,0.360173606291,5.43225177602e-320,0.180042804548
0.23920836268,661828,5.96604953621,0.00380374674844,1.50505976101,,0.0412935454015,0.466007201331,0.425030827158,2.61770801136e-319,0.23920836268
0.175424839088,661829,1.01021276195,0.00128165029893,1.3289699743,,0.142664648942,0.462312310873,0.406663072803,6.6293728359e-320,0.175424839088
0.202229058958,661830,3.80066369166,0.0017486285033,1.420672636,,0.0220039457105,0.494507669782,0.472266580175,3.40411229985e-320,0.202229058958
0.181574191236,661831,3.21719798258,0.00169485347385,1.36579273855,,0.109727258954,0.473133024058,0.420327197411,1.33442190285e-319,0.181574191236
0.207385185762,661832,7.95794395267,0.00352704554498,0.944362542298,,0.0230057789439,0.388978091065,0.366559988277,7.21385249493e-320,0.207385185762
0.227717500553,661833,6.6594287234,0.00429568945996,1.30214543583,,0.0240892687825,0.440250199223,0.415992522301,9.3141255554e-320,0.227717500553
0.239377823273,661834,14.8509173333,0.00523333344008,1.20514378335,,0.0271104595453,0.400883158029,0.374699991098,2.41029925324e-319,0.239377823273
0.290294945133,661835,17.5735279165,0.00923627341645,1.27787596071,,0.0290565887518,0.413293307588,0.384244656296,1.11021491277e-319,0.290294945133
0.19761042785,661836,2.38138627471,0.0020245316852,1.34013232828,,0.0659535726434,0.447693098184,0.408792862209,6.77611033271e-320,0.19761042785
0.232146555549,661837,8.28079151372,0.00558483010759,1.2216037052,,0.0280746415051,0.358172876704,0.331439484264,1.64158251487e-319,0.232146555549
0.286945961356,661838,15.8903454954,0.0154791451764,1.17299123402,,0.023849220578,0.338783642043,0.31560259704,9.79830988832e-320,0.286945961356
0.210336521832,661839,2.83296300075,0.00384960990194,1.44629916811,,0.0887241496281,0.46895738759,0.426376623287,1.11026431933e-319,0.210336521832
0.250828503098,661840,17.5843562164,0.0110637578538,1.10172314502,,0.031915601627,0.32663494967,0.301393081372,1.51717678525e-319,0.250828503098
0.254453679373,661841,28.6597646561,0.00933390361975,1.18058269598,,0.0251324958403,0.363642177907,0.338600398051,9.07895030798e-320,0.254453679373
0.216921465569,661842,26.9243979003,0.0106999419485,0.913044897216,,0.0173517427036,0.269206346766,0.252101333968,7.41197281891e-320,0.216921465569
0.217437956384,661843,4.54330828252,0.00295965708167,1.36522144309,,0.0210387081052,0.482007575079,0.460024573482,4.46832970099e-320,0.217437956384
0.114042347323,661844,4.2008041062,0.0056726366884,0.60478036743,,0.0100718135833,0.184859856645,0.174661938621,4.44955520645e-320,0.114042347323
0.208591897098,661845,2.70561342342,0.00751746444805,1.36260662105,,0.109330679741,0.469935195589,0.411262557953,1.22157730934e-319,0.208591897098
0.263696021363,661846,25.7810610455,0.0123811059584,1.18850276168,,0.0303149007902,0.362774755657,0.332651786212,1.4219703353e-319,0.263696021363
0.255886449408,661847,22.7971207456,0.00760575621469,1.42608662866,,0.0524086814249,0.451869709676,0.409860574435,1.50368879312e-319,0.255886449408
0.201808606013,661848,3.78529163628,0.00234495763408,1.38032066509,,0.0608840015693,0.470157161156,0.426569426595,1.38155576547e-319,0.201808606013
0.231803288882,661849,13.8455474812,0.00565236474154,1.40854343483,,0.0343100637743,0.454334224907,0.419408571107,1.25245641221e-319,0.231803288882
0.217438356576,661850,7.2623417762,0.00347256314915,1.37802536011,,0.0571660148885,0.465865496331,0.411682378747,1.32320661269e-319,0.217438356576
0.174621894597,661851,2.57873389608,0.00146907745692,1.28547545929,,0.0501271430438,0.436555409513,0.389880631222,1.83263770012e-319,0.174621894597
0.205602721634,661852,6.43484104208,0.0023108034134,1.45189075943,,0.0280926974356,0.482566168493,0.453903468,1.05478074731e-319,0.205602721634
0.266328660554,661853,6.70352182983,0.0113462146159,1.47544301182,,0.0287253687122,0.439490857959,0.410430189619,1.55902414545e-319,0.266328660554
0.200499161599,661854,9.17682051107,0.00237804719747,1.41209076802,,0.0236102904719,0.478419742065,0.454213733468,4.86852287412e-320,0.200499161599
0.16566382635,661855,2.58336308574,0.00144129511448,1.19693327282,,0.029622979058,0.40572243895,0.375604275857,1.19450251195e-319,0.16566382635
0.206192181622,661856,8.34823775832,0.00272583384794,1.28568244418,,0.028317313908,0.427871605747,0.39960584837,8.35069754601e-320,0.206192181622
0.185466396822,661857,4.59263214427,0.00272572452255,1.24241948105,,0.0294155141346,0.405634920576,0.375849670867,1.47962779617e-319,0.185466396822
0.215367563387,661858,6.55087172976,0.00294750380168,1.29213881483,,0.0220733304703,0.441052971994,0.4193491735,1.0376366694e-319,0.215367563387
0.310219450544,661859,29.9224004686,0.0134032625336,1.41125300541,,0.0384434209584,0.460995827891,0.423178437448,1.94567991989e-319,0.310219450544
0.297388880009,661860,26.7118058565,0.00619366835297,1.56300636737,,0.0393844497406,0.455504074533,0.41706305178,2.66064231598e-319,0.297388880009
0.171043509404,661861,2.68314983716,0.00138579994914,1.17870531617,,0.0349695213099,0.391394192082,0.357630071951,6.97225439411e-320,0.171043509404
0.178796708736,661862,0.778036946343,0.00140281193926,1.42166863638,,0.136075876102,0.470947433757,0.410751002069,6.07799557514e-320,0.178796708736
0.248322355761,661863,13.3992778318,0.00561536023206,1.52925753476,,0.0310336336029,0.471088375446,0.439102466369,9.87538412907e-320,0.248322355761
0.193646337682,661864,2.65389759494,0.00174690316475,1.35478563891,,0.0411170146745,0.429327881985,0.393684787646,8.73557468412e-320,0.193646337682
0.155072127706,661865,2.01462201123,0.000982074614382,1.18965494371,,0.072302476556,0.418436358776,0.385591820746,5.81712891413e-320,0.155072127706
0.310171122453,661866,36.1458346298,0.00710011684784,1.60514048181,,0.0329601115782,0.462972606927,0.430862400669,3.05184349436e-319,0.310171122453
0.24864670443,661867,13.9440891999,0.00638510821941,1.50757059464,,0.063249996892,0.461276138684,0.415747732634,1.56154388025e-319,0.24864670443
0.199574804978,661868,3.69601986878,0.00195697886484,1.37497517369,,0.0439553121041,0.444715960164,0.411197355106,6.7780865953e-320,0.199574804978
0.299739025201,661869,24.6716581132,0.00621258180071,1.57349672699,,0.0415672629384,0.45261189014,0.412222814928,2.79809137866e-319,0.299739025201
0.36212876468,661870,34.3908098819,0.00991837512534,1.55755220959,,0.0385493069549,0.449179638079,0.411889356886,3.71967202784e-319,0.36212876468
0.26883704918,661871,35.3580327869,0.0159227314754,0.3662,,0.0169339344262,0.27483,0.257841803279,1.38338380836e-319,0.26883704918
0.309508181511,661872,39.4808838939,0.0192334040708,0.477618556701,,0.0194831119374,0.315158419244,0.295586689764,1.7983495443e-319,0.309508181511
0.257271463625,661873,8.78571295247,0.00434656508196,1.37457765614,,0.0379482940813,0.428823339504,0.392313774937,3.18558706469e-319,0.257271463625
0.245599560294,661874,6.33046789259,0.00471507341357,1.48422419818,,0.0394513037299,0.435409351777,0.396721687508,0.00041226993865,0.245599560294
0.154875476107,661875,3.56533730229,0.00199523095103,0.949221399932,,0.0257386473105,0.275547334238,0.250315089324,1.14954253818e-319,0.154875476107
0.152554710121,661876,1.51051827509,0.00124924600281,1.14348031574,,0.121323784126,0.383897808498,0.336877303349,9.52064499536e-320,0.152554710121
0.202685871571,661877,2.84960363788,0.00315935819077,1.34128337001,,0.0342634556572,0.415848408933,0.381247058713,2.076072915e-309,0.202685871571
0.217654550627,661878,2.62676342174,0.00408836568317,1.40719367348,,0.0558074751908,0.440203435667,0.399199702004,8.79486256162e-320,0.217654550627
0.173494450615,661879,3.24247013556,0.00151459616918,1.27631748409,,0.0403038334291,0.442088617224,0.404292374221,1.51717678525e-319,0.173494450615
0.172963959181,661880,2.95542698884,0.00146579695425,1.31668797699,,0.0265654738051,0.425267898797,0.39818727922,7.99200588713e-320,0.172963959181
0.256712375722,661881,14.6938971469,0.00955715174452,1.47341193918,,0.0740858904836,0.467598757836,0.425303883038,9.30276204554e-320,0.256712375722
0.129569674516,661882,0.502920430698,0.000464537499357,1.18733834374,,0.0944779841429,0.423110921403,0.355320995285,5.8447965903e-320,0.129569674516
0.246633667125,661883,14.1621979473,0.00623366356549,1.43215376627,,0.0426200281444,0.46679950068,0.425327794702,1.47592230382e-319,0.246633667125
0.165351818179,661884,2.05921975979,0.000976392605611,1.38221387819,,0.0526052002127,0.47752203402,0.424171441313,1.36925353088e-319,0.165351818179
0.170745179618,661885,3.09574108202,0.00139660846906,1.22709742138,,0.0465079008512,0.427558095712,0.383201795498,1.69726371316e-319,0.170745179618
0.179939280917,661886,2.41135020475,0.00148777750949,1.08099834562,,0.0390793357903,0.3248265905,0.285876035217,1.09064991319e-319,0.179939280917
0.189044967423,661887,7.34654802632,0.00349014120603,1.12571596593,,0.0195221750134,0.340487438528,0.321197501701,7.42136006618e-320,0.189044967423
0.223932671676,661888,5.02257077551,0.00366077242722,1.49964427195,,0.0265544236539,0.453854360276,0.426307055906,7.18173822795e-320,0.223932671676
0.207191897701,661889,2.75239647092,0.00278847686134,1.42933799555,,0.039573113188,0.463184276348,0.427289016156,4.03206973571e-320,0.207191897701
0.347122693036,661890,37.2505905061,0.016130630345,1.45523304987,,0.0289706189632,0.433381979493,0.405150233939,1.13768496268e-319,0.347122693036
0.252470891926,661891,11.529319129,0.00724910357091,1.48035491291,,0.0533040523537,0.467338894211,0.427593065087,1.3064577873e-319,0.252470891926
0.367725829584,661892,32.5586970108,0.0186601908472,1.49010687308,,0.0279231630011,0.447215791329,0.419158089842,1.49173240449e-319,0.367725829584
0.307762447804,661893,37.8103099928,0.0162979112802,1.38016250716,,0.0270574391806,0.416217559548,0.388671434508,1.37740561404e-319,0.307762447804
0.251818791729,661894,12.1344663679,0.00585604255691,1.37917743578,,0.0275780348083,0.456191870333,0.427911594532,9.28151722277e-320,0.251818791729
0.293471016512,661895,11.4400419841,0.0108081499584,1.49701455839,,0.0333171044779,0.46261913546,0.429715603615,1.0999877539e-319,0.293471016512
0.278489629634,661896,26.8700994296,0.00581241577629,1.45756849812,,0.033913251083,0.464696140061,0.431568257551,1.20962092071e-319,0.278489629634
0.226552443734,661897,2.30747129187,0.00370289891935,1.37753332255,,0.0299396830471,0.464219287484,0.432944140717,2.49997216796e-320,0.226552443734
0.205640395269,661898,11.2069311389,0.005902742464,1.09257275065,,0.0289889155422,0.340453035537,0.311810153803,8.7439738001e-320,0.205640395269
0.188553036299,661899,8.74562810962,0.00501136151523,1.11876386894,,0.0325534506032,0.350941763517,0.318235210765,7.16839845551e-320,0.188553036299
0.325799541057,661900,45.1877804578,0.0167877416999,1.50112332361,,0.0324299797002,0.452394097423,0.421018605945,8.12243921763e-320,0.325799541057
0.252905581599,661901,19.1914448787,0.00933934973677,1.46700501971,,0.0778427353463,0.461006281149,0.409832689321,1.39395681318e-319,0.252905581599
0.280590065625,661902,21.8726521361,0.0114012993866,1.52346443711,,0.0272725329254,0.471904570242,0.444044145623,7.87688859165e-320,0.280590065625
0.281387999901,661903,22.7223763573,0.0102598585027,1.44786251362,,0.0276290127413,0.468531051923,0.440582231318,6.55032233256e-320,0.281387999901
0.256463067246,661904,7.69024435969,0.00867265924821,1.49620780159,,0.0241795382312,0.475216445852,0.450230616039,6.97670098492e-320,0.256463067246
0.267915064456,661905,8.10182819784,0.00980479001929,1.42501686154,,0.0251990762093,0.466449084857,0.440224885805,5.82058737366e-320,0.267915064456
0.306859727106,661906,29.6378521381,0.0142427960896,0.558631818182,,0.0821786800041,0.463460193996,0.427157638802,2.0569929099e-319,0.306859727106
0.302224725248,661907,9.80338175751,0.0112318338014,1.47915783489,,0.0340322448861,0.460884949657,0.427611680368,1.91727114525e-319,0.302224725248
0.190841024721,661908,3.30663313312,0.00139946647207,0.175088192321,,0.0540972632689,0.481435157266,0.447829463731,5.41742980665e-320,0.190841024721
0.307281080308,661909,9.24618207857,0.0137955487032,1.52920007555,,0.0362032324241,0.460017326322,0.426778396321,1.262238912e-319,0.307281080308
0.201275652357,661910,2.09031868981,0.00131497954467,1.42473231973,,0.0351757891414,0.470194753437,0.434440143448,1.29356267394e-319,0.201275652357
0.323817239704,661911,14.5761884157,0.0150985459854,1.505945106,,0.0353561684289,0.458258069328,0.425076102785,1.63007078532e-319,0.323817239704
0.309419704225,661912,11.7587408853,0.013383087972,1.50571468582,,0.042022681351,0.459357643016,0.424325673716,1.39020191427e-319,0.309419704225
0.253029973637,661913,9.22666396109,0.00652598045225,1.44342092621,,0.0243960835452,0.438063653454,0.413627443587,8.69259097293e-320,0.253029973637
0.236113385878,661914,4.57810165787,0.00444692325687,1.34311104782,,0.0304814295808,0.439048178975,0.408212729435,5.16100973646e-320,0.236113385878
0.0304860454689,661915,1.24928375069,0.00143091352509,0.147340620545,,0.00412337392667,0.0459126855812,0.0417980793801,1.56470590038e-320,0.0304860454689
0.165775652705,661916,1.75749282132,0.000827623529484,1.39938424465,,0.0337776751151,0.47133212059,0.43623322844,1.123011213e-319,0.165775652705
0.182135944542,661917,2.07832716584,0.00129260789357,1.37044613692,,0.0363043540517,0.469894806212,0.43284704395,7.98212457421e-320,0.182135944542
0.0670871530249,661918,2.49289679715,0.00127714064057,0.358311743772,,0.0108202491103,0.109805622776,0.0994517793594,4.03206973571e-320,0.0670871530249
0.143322538019,661919,1.60967511313,0.000627526559114,1.12053457984,,0.0366887078513,0.401228687838,0.363754976841,2.86671709686e-319,0.143322538019
0.242637142857,661920,20.1828571429,0.0186025714286,0.5045,,0.0123071428571,0.20182,0.189525714286,1.61327255337e-319,0.242637142857
0.0536069978498,661921,3.02133136974,0.00144982971557,0.197940620545,,0.00665377075207,0.0833910189145,0.0767261746182,2.31025095995e-320,0.0536069978498
0.364626569453,661922,27.4156671366,0.0144284019283,1.43835152382,,0.0311939451293,0.42910113807,0.397402680653,1.78723306727e-319,0.364626569453
0.355395657895,661923,19.4028947368,0.0122904407895,1.32232697368,,0.0299551973684,0.389156842105,0.359051973684,2.10136000489e-319,0.355395657895
0.212003937067,661924,8.35862561341,0.00383949066766,1.27392494381,,0.0223576423488,0.427327987451,0.404788723544,4.84628992006e-320,0.212003937067
0.288645956661,661925,15.0975876908,0.0105604284638,1.31441222289,,0.0314413727745,0.404674118199,0.37312037565,1.65739261554e-319,0.288645956661
0.324971447368,661926,18.0085921053,0.00979583973684,1.60132039474,,0.0359399342105,0.452962631579,0.419169342105,2.40456809174e-319,0.324971447368
0.239939736842,661927,13.1590510367,0.00568464342105,1.16491624801,,0.0277146052632,0.332594210526,0.306546973684,2.16934343776e-319,0.239939736842
0.175706795274,661928,4.46741721845,0.00543130046979,1.12846894878,,0.0286144661385,0.379492587436,0.35049481961,7.25782433741e-320,0.175706795274
0.142640095657,661929,9.68920201081,0.0109911166655,0.476178905226,,0.0078002759345,0.145593687957,0.137780612207,8.0305430075e-320,0.142640095657
0.179622600975,661930,1.40099993741,0.00110551700167,1.43257534831,,0.056479014625,0.471846294878,0.420880804077,2.16558853885e-319,0.179622600975
0.164169525587,661931,1.14599858354,0.000831085631488,1.33397129271,,0.0456485346013,0.453467573438,0.408674761296,6.15457575024e-320,0.164169525587
0.177925314559,661932,4.06236490329,0.0015915240892,1.40747849304,,0.0602043641654,0.471421292999,0.413835877092,8.08340803161e-320,0.177925314559
0.258765779827,661933,14.8559393906,0.00527713886617,1.50431568354,,0.0431069606075,0.461887775867,0.419474802516,1.60151379099e-319,0.258765779827
0.189978879621,661934,4.05060237208,0.00223302424068,1.42900446841,,0.0593947174788,0.471892659156,0.421203281866,8.20741850871e-320,0.189978879621
0.208047708808,661935,3.16663735152,0.00318420360183,1.42269144065,,0.0469239161843,0.466523558464,0.42240469602,5.94805631028e-320,0.208047708808
0.258658217367,661936,9.84553852113,0.00842926788795,1.36423090632,,0.0300333046037,0.435827760079,0.405510100773,7.93321207527e-320,0.258658217367
0.193284034385,661937,4.1977045277,0.00208587525067,1.43826315669,,0.0389081504761,0.476576516538,0.438960097866,8.32500613243e-320,0.193284034385
0.238747450026,661938,24.4919124305,0.0103781033125,1.45012428155,,0.0539350366763,0.469408927081,0.422989698166,1.49276994234e-319,0.238747450026
0.228879428156,661939,10.8608139583,0.00468288738757,1.45650063331,,0.0394745334131,0.474662547924,0.434883001408,1.06629247685e-319,0.228879428156
0.171552505371,661940,4.31834767315,0.00180317868572,1.20894640325,,0.0244431622259,0.403029041034,0.37848631508,1.20230874915e-319,0.171552505371
0.185891994769,661941,2.76990896588,0.00158800766333,1.36106178617,,0.0217981185995,0.459854468531,0.437416256504,2.48070360777e-320,0.185891994769
0.258999392373,661942,19.3832122471,0.00505806214386,1.39800044978,,0.0351093827784,0.445975670751,0.41361423389,1.26816769975e-319,0.258999392373
0.235031477409,661943,11.5600840985,0.00468153035676,1.27220951733,,0.025344951618,0.43005335531,0.405384006164,2.63001024594e-319,0.235031477409
0.238659100317,661944,18.1718752537,0.00495102976208,1.2950224067,,0.0277904305676,0.439108726471,0.41147965383,1.09766564537e-319,0.238659100317
0.315260139648,661946,48.4773770492,0.0116696523376,1.2275,,0.0308391347905,0.36698,0.337554256223,1.91425734481e-319,0.315260139648
0.305564096337,661947,52.0463934426,0.0167164019024,0.6285,,0.0209579538555,0.2921,0.271278182554,1.67666117573e-319,0.305564096337
0.0961140983607,661948,13.6460655738,0.00683802295082,0.0465,,0.00492786885246,0.07866,0.0736436065574,5.84430252466e-320,0.0961140983607
0.0472572131148,661949,3.51147540984,0.00106631639344,0.273,,0.00593204918033,0.095455,0.089451147541,1.47775034671e-320,0.0472572131148
0.147746885246,661950,14.0825901639,0.00875900655738,0.418,,0.0109208196721,0.18953,0.178312459016,8.19654906451e-320,0.147746885246
0.362026548552,661951,14.4865759738,0.0124482306792,1.23145718399,,0.0332678058347,0.42075854955,0.388019545135,2.27161502645e-319,0.362026548552
0.242371483233,661952,7.7876735656,0.00425422707066,1.28110973329,,0.0257874966836,0.444949413867,0.41962620373,1.46075448849e-319,0.242371483233
0.281511454138,661953,10.6757380589,0.00641471046961,1.22206030682,,0.0310361422271,0.458111683986,0.426459884543,1.45339291037e-319,0.281511454138
0.248240371582,661954,7.83491938435,0.00390613740369,1.08684703842,,0.0344511669194,0.475864362117,0.445439258872,1.83965343229e-319,0.248240371582
0.271450106822,661955,9.03343858425,0.0050742919812,1.30065432275,,0.0313768124199,0.467213872668,0.436968010255,1.51105037124e-319,0.271450106822
0.09954,661956,2.964003,0.0035637,0.3108,,0.00735,0.09177,0.08421,1.7214729298e-319,0.09954
0.436927682119,661957,10.726868,0.0222841311258,1.05000794702,,0.0331139072848,0.433897086093,0.401432450331,2.89374248769e-319,0.436927682119
0.172322090594,661958,1.81337752878,0.00129976967077,1.36892472334,,0.206731693003,0.472780113949,0.419468492442,4.51180747782e-320,0.172322090594
0.199898949167,661959,3.64810247795,0.00196648089159,1.32313900427,,0.0371140393689,0.482516954567,0.452436496459,5.28749054179e-320,0.199898949167
0.180653437001,661960,3.42991035969,0.00176195696448,1.24703081166,,0.0717018451074,0.434627480034,0.398822405842,5.50487942596e-320,0.180653437001
0.228048550079,661961,7.34242257432,0.00320077650282,1.35558855535,,0.024736383621,0.463280192222,0.439060636627,6.1120861047e-320,0.228048550079
0.136192790407,661962,0.609651005154,0.000393214484187,1.2196360206,,0.273446465179,0.475746579459,0.403339804907,3.40608856243e-320,0.136192790407
0.164659668071,661963,1.21481791805,0.000991594081879,1.30156200558,,0.193321078519,0.471288659649,0.410059102511,4.4070655609e-320,0.164659668071
0.188472793167,661964,2.99184892784,0.00187993652917,1.37888342257,,0.108025384348,0.471543087197,0.4283286406,6.81069492792e-320,0.188472793167
0.187785971839,661965,2.62244027055,0.00157199139693,1.34914179709,,0.0811262323278,0.476703444881,0.437091764107,4.97227665975e-320,0.187785971839
0.199541896254,661966,5.70481757258,0.00227356323245,1.26937305728,,0.0220562887266,0.443411485559,0.421488824048,6.49696324281e-320,0.199541896254
0.193338151817,661967,1.76249275176,0.00191160499032,1.3174101505,,0.0622070421095,0.45327669721,0.407422740248,6.06169140883e-320,0.193338151817
0.192457623049,661968,1.98002676032,0.00176593529342,1.35785682535,,0.0669897906508,0.47107963979,0.426463917237,6.2370847131e-320,0.192457623049
0.207892758702,661969,2.63666731322,0.00243201112304,1.30949999778,,0.0478056801633,0.466065214102,0.422493827078,6.45447359727e-320,0.207892758702
0.191318522174,661970,1.77036503569,0.00143251110769,1.33718251503,,0.131134854451,0.465962987657,0.407510981797,7.34527395672e-320,0.191318522174
0.182101672431,661971,1.56518268496,0.00150336105685,1.39446207763,,0.144876426004,0.468549861146,0.412837946836,5.09134648039e-320,0.182101672431
0.200635022099,661972,2.15097232134,0.00200468761818,1.44703310782,,0.0818127584543,0.466466646703,0.41712219513,5.48462273448e-320,0.200635022099
0.185051099299,661973,1.81505399587,0.00149769870859,1.34472136543,,0.0590095630331,0.473597183647,0.43231293847,5.78501464716e-320,0.185051099299
0.216224147261,661974,3.4185446483,0.00324404243515,1.31101323275,,0.0361965639637,0.466231528531,0.431037813602,5.22425013913e-320,0.216224147261
0.217124577267,661975,3.93857911875,0.00298207073989,1.30169716444,,0.0242182281407,0.469393997456,0.444395697662,5.28007955711e-320,0.217124577267
0.214856186098,661976,1.269822505,0.00275778450907,1.57329932369,,0.0436315305102,0.463587067028,0.419138801659,4.38779700072e-320,0.214856186098
0.217872296667,661977,1.60590945082,0.00286583690387,1.53400964221,,0.0418261275491,0.465670998482,0.423154462417,5.85418383757e-320,0.217872296667
0.253643281423,661978,8.55704596984,0.00420698629668,1.30778442178,,0.0309350013889,0.472145797655,0.441928935566,1.58427089995e-319,0.253643281423
0.197891477483,661979,1.95748908805,0.00194267342947,1.43568241909,,0.0797849808307,0.466022859591,0.416686049129,5.09529900556e-320,0.197891477483
0.222929048506,661980,2.16430928466,0.0031494659789,0.259263800381,,0.0389879447682,0.465601326875,0.425920339641,5.7380784108e-320,0.222929048506
0.193647593996,661981,1.82349890749,0.00203982971026,1.31686653503,,0.12860430386,0.468938222043,0.419170910475,8.32895865759e-320,0.193647593996
0.214993871288,661982,3.41292218052,0.00343014933978,1.41669156028,,0.0384874833903,0.474396307405,0.435469919808,5.19905279119e-320,0.214993871288
0.190300412676,661983,1.68251667526,0.00180719815355,1.29075016748,,0.0714440141321,0.44804216257,0.400432357382,7.34576802237e-320,0.190300412676
0.201875718259,661984,4.53637483474,0.00197235507887,1.38533711938,,0.0316605849507,0.484006512107,0.454618522932,8.23113365972e-320,0.201875718259
0.290416989378,661985,11.6202996558,0.0066760435453,1.2575682015,,0.0315027202699,0.456347804696,0.424866765618,2.86869335945e-319,0.290416989378
0.228606414717,661986,11.8993892296,0.00409281523785,1.10087861018,,0.0271558284315,0.425204107682,0.397923247094,1.09657870094e-319,0.228606414717
0.283038660287,661987,10.1300875956,0.00569654078957,1.3125650667,,0.0320043144374,0.465360928869,0.434518288076,2.4482929014e-319,0.283038660287
0.218390190732,661988,6.51728895963,0.00489452208049,1.22063505505,,0.0240308929012,0.436158052761,0.411433371356,7.08193696749e-320,0.218390190732
0.245146330435,661989,5.12894017391,0.0058276075942,1.08985768116,,0.0281433275362,0.384119785507,0.357429304348,1.58856927107e-319,0.245146330435
0.200514286477,661990,2.06749059417,0.00201867480503,1.43100625888,,0.0886307217969,0.465157555859,0.414392473723,4.69214143855e-320,0.200514286477
0.204330738731,661991,2.99138598107,0.00204975946271,1.41004330305,,0.0497190081888,0.471587709811,0.433025604199,7.45100400493e-320,0.204330738731
0.206903705005,661992,2.56845129562,0.00237992015878,1.36859383064,,0.0541597974941,0.464928660506,0.419276903196,2.63534615492e-320,0.206903705005
0.214121675239,661993,3.01497898149,0.00292580287445,1.42224696508,,0.03144505761,0.458014986434,0.425818423172,2.93919652711e-320,0.214121675239
0.209396319629,661994,2.26406859732,0.00247779722476,1.42716253481,,0.0490307111481,0.463492234917,0.417049831575,3.11211950315e-320,0.209396319629
0.212468205103,661995,1.65999219559,0.00261017773733,1.54758181443,,0.0429048484629,0.46539192634,0.421693754833,5.08937021781e-320,0.212468205103
0.228402389154,661996,4.26180445209,0.00418041041208,1.49937442998,,0.0404224913412,0.466324700868,0.42527726349,8.16245853494e-320,0.228402389154
0.210783275808,661997,4.59732433592,0.00342625875506,0.996330176061,,0.0220961735869,0.422130653069,0.399476561331,7.22373380784e-320,0.210783275808
0.213988352687,661998,5.80037117589,0.00337200573707,1.26067331372,,0.0449883454656,0.448955680768,0.403356346594,6.8136593218e-320,0.213988352687
0.256393164282,661999,8.06287466072,0.00460519761851,1.285678964,,0.0285037974487,0.47244954553,0.444039954106,1.43862034756e-319,0.256393164282
0.208081932863,662000,3.26646270918,0.00248852023562,1.45488445707,,0.0447075013061,0.465794491073,0.420218718828,4.44115609047e-320,0.208081932863
0.257675382512,662001,7.56345279204,0.00487727279396,1.37292025172,,0.0322328669218,0.467965329162,0.435510930462,1.21668605945e-319,0.257675382512
0.200921791629,662002,2.60421956693,0.0019229052156,1.24712140837,,0.034825908455,0.471517282286,0.435868623708,6.63579568929e-320,0.200921791629
0.193965821468,662003,0.947684811601,0.00184111227838,1.58847215895,,0.0442823009426,0.467687660306,0.422386465919,2.56864729273e-320,0.193965821468
0.203426053323,662004,1.56431549938,0.00224946368429,1.49872046955,,0.0452429227306,0.464538960426,0.418348459042,4.45202553468e-320,0.203426053323
0.198037997032,662005,3.08262325768,0.00186678357849,1.43163751552,,0.0564184912522,0.470271776801,0.428157354023,4.13730571827e-320,0.198037997032
0.223192331648,662006,2.76289561132,0.00565557583344,1.34797908802,,0.0781710147089,0.453516676751,0.418477274727,6.61850339169e-320,0.223192331648
0.346069053324,662007,21.9065146518,0.0121318528431,1.3254193893,,0.0282433950152,0.437167072398,0.40916152897,1.45744424867e-319,0.346069053324
0.209535302242,662008,1.91221669119,0.00247808490604,1.48560769479,,0.0415863768911,0.463919784025,0.421370514288,4.12693033971e-320,0.209535302242
0.345139430605,662009,2.44687819217,0.0227819919929,1.30669928826,,0.0229050355872,0.413434163701,0.390078701068,7.79289743185e-320,0.345139430605
0.193709971422,662010,2.56650346826,0.00181759384075,1.36578690943,,0.119143345195,0.468055005293,0.419697883166,6.97274845976e-320,0.193709971422
0.263350663036,662011,9.46569502075,0.00518106424524,1.45312084878,,0.0293878039995,0.452967614876,0.425057863167,2.43134644975e-319,0.263350663036
0.284208674393,662012,8.73341775539,0.00597037486535,1.33993490366,,0.0312159042064,0.467211206484,0.43653155247,2.04212153396e-319,0.284208674393
0.217235963979,662013,4.40797994834,0.00306387341728,1.287416417,,0.0224681066848,0.464582688885,0.441383418106,5.78303838457e-320,0.217235963979
0.19972720782,662014,3.43813469685,0.00257646124359,1.35853850383,,0.115671935106,0.470681324877,0.422972484567,5.20695784152e-320,0.19972720782
0.216103112158,662015,2.81513910954,0.00279423711729,1.48772331519,,0.0376764093991,0.469420004868,0.431007761108,6.66988621886e-320,0.216103112158
0.214893289297,662016,3.14584639124,0.00300684107994,1.37022404468,,0.0242182616608,0.463257135434,0.438162767323,4.92731668597e-320,0.214893289297
0.0909271356784,662017,6.90041954774,0.00207093467337,0.484432160804,,0.00789798994975,0.142026633166,0.13427638191,4.44856707515e-320,0.0909271356784
0.206838401712,662018,2.08924798733,0.00222223263845,1.48667080386,,0.0391600583204,0.472040859357,0.432189725683,4.48364573601e-320,0.206838401712
0.282634019383,662019,11.986480225,0.00583350547859,1.23180893461,,0.0335108590911,0.447727976453,0.415769370363,1.52280913361e-319,0.282634019383
0.309501637323,662020,12.9161331663,0.0115496472063,1.16805494932,,0.0273240022723,0.46401918362,0.43658656477,1.90526535006e-319,0.309501637323
0.196616774756,662021,3.48344358077,0.00180113332934,1.46459597351,,0.0251278385807,0.48602496783,0.460024514931,4.42979258061e-320,0.196616774756
0.210791720165,662022,1.46606181893,0.00258971455144,1.51961481481,,0.0439999012346,0.463354164609,0.418416757202,6.34528508954e-320,0.210791720165
0.190669488993,662023,1.92886558887,0.0013506417552,1.43738545314,,0.0591300199748,0.481653965263,0.448953487978,3.31172202407e-320,0.190669488993
0.21379821231,662024,3.43578362655,0.00325298019745,1.40657025504,,0.0249361993445,0.460191455699,0.433666131343,2.59483277196e-320,0.21379821231
0.194533898254,662025,1.59914985271,0.00149810155472,1.49179591015,,0.0408329143885,0.469685145559,0.428037132557,4.12198968325e-320,0.194533898254
0.20333368983,662026,2.35221411918,0.00224292267631,1.45234460124,,0.032859387696,0.475047058359,0.44117314298,4.14669296555e-320,0.20333368983
0.211778629746,662027,2.16953970732,0.00258147911703,1.47127706849,,0.0373843469474,0.469623871135,0.431349218005,3.90509486473e-320,0.211778629746
0.217104337796,662028,4.43530631322,0.00318557281916,1.38160885153,,0.0348582948604,0.459640981267,0.423581600358,5.04193991581e-320,0.217104337796
0.306777920673,662029,15.2315179614,0.00764993934541,1.21640242727,,0.0326390099714,0.449038318688,0.417092886366,2.29083418007e-319,0.306777920673
0.324714126867,662030,21.325348196,0.0148873709929,1.13145643852,,0.0330464880213,0.434546768913,0.406716362582,1.35265292518e-319,0.324714126867
0.269242828553,662031,10.5287596701,0.00678535374978,1.11954939276,,0.0310530525654,0.387078302034,0.357251345941,2.00931557507e-319,0.269242828553
0.232507059489,662032,5.04219816674,0.00478208767903,1.44084514181,,0.0338592550429,0.464539366963,0.429669122641,6.10566325131e-320,0.232507059489
0.204290511094,662033,3.24982716015,0.00279349687246,1.31724716466,,0.0234209446162,0.451748631522,0.42711757333,2.53011017235e-320,0.204290511094
0.209471559107,662034,3.37707178368,0.00242914093418,1.37827516118,,0.0356512461014,0.481939678959,0.455620787198,2.93227960807e-320,0.209471559107
0.208378378716,662035,2.43359643609,0.00233762422079,1.39812325259,,0.0431831618991,0.46736693981,0.423451332035,3.39324285564e-320,0.208378378716
0.236411063105,662036,5.13796959685,0.00339331047187,1.38671086597,,0.0287077948656,0.475259639892,0.446788517274,1.02627315954e-319,0.236411063105
0.218761611459,662037,4.26968967405,0.00270740491231,1.22402733171,,0.0230287830248,0.483955746644,0.460462488788,2.94858377438e-320,0.218761611459
0.218331290162,662038,1.91332940215,0.00285049214116,1.57355218064,,0.0402834110226,0.467239649082,0.426299063046,4.65311025253e-320,0.218331290162
0.20692563503,662039,1.59498870453,0.00235728004453,1.53586525186,,0.0408280845799,0.468232718399,0.426533203708,2.68277645692e-320,0.20692563503
0.207581925088,662040,2.22064134712,0.00238510733273,1.54157200037,,0.0359707629348,0.472194117908,0.435335020671,3.22328427347e-320,0.207581925088
0.185797590691,662041,2.91771212845,0.00181135697853,1.31399391724,,0.0254777515194,0.445082941908,0.418959404574,4.8294916881e-320,0.185797590691
0.262941045591,662042,11.2533525647,0.00530445811536,1.2586108138,,0.0332953331336,0.430506331968,0.398306575724,1.52053643164e-319,0.262941045591
0.260086523401,662043,9.30766526246,0.00463513247519,1.39593093722,,0.0362388678087,0.46761835464,0.432100230174,1.54089193625e-319,0.260086523401
0.211362839331,662044,3.79278688525,0.00238495757576,1.36868879519,,0.0214431697784,0.486456549552,0.464303224055,4.69461176678e-320,0.211362839331
0.210322144985,662045,4.21244980055,0.00337832739169,1.42222582779,,0.114318401887,0.473565327092,0.433842831161,3.71636178802e-320,0.210322144985
0.257580090169,662046,11.7590579579,0.00855803643658,1.10527519814,,0.0798002101735,0.406211638573,0.37517811021,1.31322648665e-319,0.257580090169
0.180852661755,662047,1.74264680989,0.00153599214351,1.39580835881,,0.120884881284,0.469568643499,0.420166551733,6.95842055603e-320,0.180852661755
0.217627302277,662048,2.61822690493,0.00288401392104,0.98745914317,,0.0949404530468,0.465852252572,0.4195475827,8.06463353707e-320,0.217627302277
0.201031389067,662049,2.47266917617,0.00196413453633,1.36887268351,,0.0424279463783,0.471359460175,0.428361521244,4.199063924e-320,0.201031389067
0.256842219883,662050,7.81914668215,0.00422468160354,1.35232625872,,0.0315862384222,0.473756008419,0.44329028402,8.72964589637e-320,0.256842219883
0.250918509381,662051,16.0984691786,0.00725826801622,0.948469350927,,0.0258681515417,0.319315099823,0.294068838912,1.59029850083e-319,0.250918509381
0.246938514664,662052,10.4436932151,0.00838832197519,0.871236029644,,0.0227867108168,0.281018995059,0.258620258068,1.60497225052e-319,0.246938514664
0.226917511826,662053,13.1397091734,0.00898056073268,0.811019378745,,0.0208963796909,0.259265103543,0.23903225113,1.5239454846e-319,0.226917511826
0.264206571997,662054,10.3618588969,0.00582972556916,1.14730787087,,0.0283973977217,0.417225528323,0.389422826847,1.82547374825e-319,0.264206571997
0.198825140394,662055,7.83457751077,0.00456024939271,0.834336842105,,0.0228836385007,0.284015993209,0.262513219276,1.66722452189e-319,0.198825140394
0.28097547404,662056,11.2631929074,0.00622798907692,1.29902271488,,0.0303869279649,0.435179787339,0.405736574381,2.03935476634e-319,0.28097547404
0.249568872204,662057,9.03611696988,0.0080062774673,1.42139017097,,0.129157378297,0.46373292113,0.414035365987,1.15324803052e-319,0.249568872204
0.256265748733,662058,6.55614509893,0.0048264277008,1.06394892821,,0.0355851634858,0.450068212798,0.414848381726,2.66469365428e-319,0.256265748733
0.368132601016,662059,32.058427914,0.020381862192,1.33874882645,,0.0645967224255,0.432269164953,0.400062981015,1.38363084118e-319,0.368132601016
0.248368358811,662060,11.1330759658,0.00607111384642,1.02404354283,,0.0264684775137,0.374073474094,0.348494060486,1.5009220255e-319,0.248368358811
0.266552766128,662061,10.0359032444,0.00556801430468,1.18213246735,,0.0316659298502,0.419511539003,0.389272881019,2.46439944146e-319,0.266552766128
0.358988205973,662062,22.3402779575,0.0111936848047,1.2976922916,,0.0340531551318,0.426542081439,0.393220664256,2.29967795513e-319,0.358988205973
0.261169433377,662063,8.41138077121,0.00472170544859,1.37684195295,,0.0314756531352,0.459684294831,0.429354789883,1.69306415517e-319,0.261169433377
0.3638164817,662064,25.0643578023,0.0168936200275,1.31515810272,,0.0295100113895,0.377477319979,0.348652897796,2.0751251191e-319,0.3638164817
0.336719016662,662065,17.906793126,0.0144507837723,1.21974935208,,0.0290432419721,0.428313515696,0.399783226617,1.90936609492e-319,0.336719016662
0.282012164575,662066,11.4578165271,0.0123966953945,1.32376078849,,0.121371213854,0.436432197863,0.399247709046,1.3728602101e-319,0.282012164575
0.229229612183,662067,5.52787737914,0.00692074935721,1.45647272652,,0.159146300666,0.454644550003,0.41109865189,9.93763640045e-320,0.229229612183
0.200872781403,662068,2.98632101255,0.00256719225678,0.864824641148,,0.0733964142552,0.455669618457,0.42024604032,2.91054071965e-320,0.200872781403
0.206688118081,662069,2.6989779631,0.00266320413284,1.52741406168,,0.0784538745387,0.464436162362,0.422361918819,4.45696619113e-320,0.206688118081
0.452448843537,662070,30.0650132368,0.0370867217687,1.33033723432,,0.0223583673469,0.41724,0.394423741497,1.13393006377e-319,0.452448843537
0.225295664467,662071,4.26077181361,0.00420495295116,1.42680969979,,0.0318418424198,0.462809825026,0.432564218942,4.60172742537e-320,0.225295664467
0.242177082676,662072,6.85413572464,0.00466687070286,0.888307246377,,0.0299559675603,0.436587217842,0.406251967786,2.29943092231e-319,0.242177082676
0.233483175068,662073,4.3914648363,0.00377895679921,1.3079567824,,0.0244971392773,0.443540964321,0.419637669967,8.08390209725e-320,0.233483175068
0.212835889316,662074,3.86304851918,0.00243218994601,1.28667095595,,0.025319004369,0.486231687771,0.463714688472,1.478738478e-320,0.212835889316
0.177464574318,662075,7.96287977808,0.00427635292036,0.752115243179,,0.0190657282784,0.258669837096,0.240593327622,1.2788395177e-319,0.177464574318
0.257067935464,662076,10.597745313,0.00808694923397,1.40706330085,,0.0495892045733,0.458743902812,0.409154454673,1.49978567452e-319,0.257067935464
0.257416354381,662077,4.04491399713,0.00440738822044,1.28086458797,,0.0281970432801,0.473223193556,0.445765394337,1.09198389044e-319,0.257416354381
0.195295759958,662078,1.6890691646,0.00195126149915,1.41730833321,,0.124380165277,0.465906876353,0.415485531289,5.44905000798e-320,0.195295759958
0.190173977176,662079,2.36963595066,0.00168003489864,1.33986572008,,0.0480931798479,0.477659324817,0.429477670457,9.14070851371e-320,0.190173977176
0.161183567059,662080,1.04324076557,0.000803750752562,1.32207011284,,0.14979934184,0.473228262127,0.419724121302,6.9851001009e-320,0.161183567059
0.152623625255,662081,0.623181747028,0.000674187830522,1.34704694132,,0.189060046431,0.455756598542,0.395734136193,7.38331701145e-320,0.152623625255
0.140944307717,662083,1.5797817228,0.000855372602888,1.02575085602,,0.0549938758157,0.361729476165,0.330985326255,5.17138511502e-320,0.140944307717
0.171863147687,662084,3.12345978636,0.00151104188055,1.19769729154,,0.0528490773596,0.418561141828,0.386103103565,4.69955242324e-320,0.171863147687
0.260787455189,662085,14.1508875869,0.00532654694784,1.06291080878,,0.0311809173105,0.441423611009,0.410444466129,1.76420960817e-319,0.260787455189
0.323720930539,662086,11.7217499138,0.00843003246785,1.29692721595,,0.0342199352631,0.452544484845,0.418418031405,1.85585878547e-319,0.323720930539
0.253835029368,662087,10.6436216804,0.00476821004663,1.15356764227,,0.0322025042584,0.43201295723,0.40051742364,1.17108380034e-319,0.253835029368
0.275313462626,662088,8.61544367721,0.00591667190194,1.26185681403,,0.0276992277458,0.444991698469,0.417870022119,2.06168653353e-319,0.275313462626
0.270951019518,662089,11.3691903269,0.005511473718,1.20561867903,,0.0333502894851,0.436544466348,0.404513045384,1.20304984762e-319,0.270951019518
0.254346156981,662090,11.7499720966,0.00495488528035,1.04151435608,,0.0303913369264,0.447912852871,0.417522076707,1.41070563857e-319,0.254346156981
0.196195364238,662091,6.5173486755,0.00602524834437,0.686970198675,,0.0181258278146,0.222754966887,0.204783112583,1.28684338116e-319,0.196195364238
0.191778455771,662092,5.30527977103,0.00238982923677,1.14946102799,,0.0213234710725,0.417561898661,0.396292901962,6.83589227586e-320,0.191778455771
0.233483175068,664152,4.3914648363,0.00377895679921,1.3079567824,,0.0244971392773,0.443540964321,0.419637669967,7.85762003146e-320,0.233483175068
0.217005649725,664228,5.50459,0.00374874713606,1.24914309036,,0.023892776432,0.403651366724,0.380310814928,7.60614061773e-320,0.217005649725
0.227856102836,664230,5.1147420235,0.00328472159289,1.20180126619,,0.0282892427983,0.424799669649,0.397459356889,1.47122868019e-319,0.227856102836
0.210862667886,664235,4.60602299456,0.00266675312996,1.0907376007,,0.0284963431795,0.413827071485,0.385839553512,1.09825852414e-319,0.210862667886
0.258377593279,664293,9.4751606451,0.00476115311134,1.3440642253,,0.0275939428859,0.448987553406,0.422507154252,1.63471500239e-319,0.258377593279
0.192966505415,664295,6.97696883513,0.00431211478347,0.870388351199,,0.0203342405461,0.301399292692,0.281509962105,1.05947437094e-319,0.192966505415
0.208183980436,664304,3.1993995806,0.00210755434414,1.43140502633,,0.0427064644986,0.474221616541,0.443459579717,4.15311581894e-320,0.208183980436
0.208680996865,664345,4.83597517902,0.00337947854854,1.08063104928,,0.0297114052947,0.465354608893,0.435272504489,7.36256625433e-320,0.208680996865
0.157197146402,664364,8.13113370968,0.00224730769231,0.66,,0.0133462779156,0.31829516129,0.305276426799,4.45597805984e-320,0.157197146402
0.231661042273,664399,7.641506844,0.00324770815471,0.62887243076,,0.0254848152893,0.456019897314,0.431314338313,1.19899850933e-319,0.231661042273
0.236346883161,664402,7.78045161061,0.0035789129758,0.539601023545,,0.0263126690446,0.465946469393,0.4402050322,1.2732565759e-319,0.236346883161
0.261102275686,664446,8.1735526129,0.00722359545465,1.35820827816,,0.0317713527295,0.40933059934,0.37834171724,3.07862185237e-319,0.261102275686
0.270605926912,664447,16.0507307195,0.00762363036274,1.19476739049,,0.031669726249,0.378090040364,0.348333571972,6.24054317262e-319,0.270605926912
0.24407623807,664448,10.0284976604,0.00482433124785,1.02644102254,,0.0291884166854,0.384859121785,0.357519967187,4.67806056765e-319,0.24407623807
0.19667,664461,5.349327,0.002098,0.8394,,0.01543,0.44205,0.42686,1.33580528666e-319,0.19667
0.20045,664462,4.022585,0.001786,0.855,,0.01425,0.47595,0.4617,0.0,0.20045
0.153962880306,664496,3.69703726082,0.00228392579625,0.824389616694,,0.0227004520296,0.29348088823,0.275042053976,7.72817483225e-320,0.153962880306
0.105956869503,664501,1.905435,0.001415655043,0.39203728542,,0.0122431442305,0.214532290161,0.202366714515,3.13336432593e-320,0.105956869503
0.10187257523,664504,4.5768516726,0.00159889561816,0.570986053124,,0.0101736409422,0.192565115107,0.182845344862,5.23314332075e-320,0.10187257523
0.282123039367,664539,15.9580146327,0.0068808156693,1.37447943905,,0.0298371865534,0.404993108243,0.375817664288,1.79805310491e-319,0.282123039367
0.228278334218,664612,4.34540073665,0.00347147299615,1.27851043358,,0.0274456745271,0.438809714242,0.41174622511,1.1546808209e-319,0.228278334218
0.211697379218,664614,5.45839453405,0.00434106940649,1.00698994469,,0.0229372982518,0.349920544964,0.327570938364,1.14440425546e-319,0.211697379218
0.194490308217,664627,4.31028311503,0.00402003644852,1.0223487303,,0.0249199179551,0.430061276525,0.404303605969,6.36010705891e-320,0.194490308217
0.267733678538,664646,13.3144037754,0.00481060497662,1.43027113143,,0.0288448388093,0.464272646373,0.436954368788,1.71682871273e-319,0.267733678538
0.215866113962,664654,4.784757,0.00253926560563,1.35077110259,,0.028010813219,0.476756341741,0.448774051044,9.52657378311e-320,0.215866113962
0.205062052033,664662,3.77711392999,0.00180748280796,1.47984021294,,0.0414572911789,0.471631690748,0.433199662744,6.91494277919e-320,0.205062052033
0.185221332579,664663,4.04535697837,0.0017200575326,1.1639510318,,0.0258082093007,0.432508745159,0.406362195464,5.47029483075e-320,0.185221332579
0.177789193405,664691,5.30281482379,0.00378643192831,0.713930442575,,0.0193230739086,0.300870562029,0.281319696958,6.49745730846e-320,0.177789193405
0.19198155132,666910,5.06315781155,0.00192633063377,1.27760480588,,0.0279212307123,0.461789026345,0.43786966393,4.31269902255e-320,0.19198155132
0.427172175374,666911,37.9500790559,0.02542122594,1.53064265251,,0.0293782727877,0.448313789547,0.419224668619,1.73273762653e-319,0.427172175374
0.241346084595,666912,4.16096688401,0.00619389955003,1.38579009184,,0.0272624938587,0.465476968101,0.436858614946,3.75193451452e-320,0.241346084595
0.267707060751,666913,8.045161,0.00795807677453,1.39270617605,,0.0296794143342,0.459546880855,0.429205818725,4.67731946918e-320,0.267707060751
0.209844976037,666914,8.96186823259,0.00440373586178,1.304508574,,0.0529936060372,0.446089649901,0.408818873302,8.29140966851e-320,0.209844976037
0.164785197962,667041,1.50557713729,0.000915754279576,1.27824613937,,0.0763690281619,0.472263140128,0.405141771567,1.4328397795e-319,0.164785197962
0.163666006689,670344,1.47014329487,0.000805685467478,1.38940801135,,0.0619117239645,0.476017323927,0.414920466479,1.14287265196e-319,0.163666006689
0.336784361488,670345,48.0212797483,0.0203911936906,1.02715916102,,0.0294315075495,0.460053430376,0.430377923552,7.57007382558e-320,0.336784361488
0.328138879557,670346,44.5916968985,0.0188033628519,1.02291625612,,0.0332622784589,0.46450657327,0.431875378118,8.72816369943e-320,0.328138879557
0.170055125468,670347,3.28233421907,0.00154093823363,1.32974764116,,0.0539029397542,0.457680375383,0.411591345062,1.14366315699e-319,0.170055125468
0.197421630587,670418,4.84835692944,0.00174612119453,1.39239863303,,0.0293712039518,0.48460194635,0.454708761366,5.56663763169e-320,0.197421630587
0.309890910926,670484,23.693234641,0.00728103028461,1.42208732127,,0.0374059362417,0.457440217866,0.421204552235,3.16908527212e-319,0.309890910926
0.190274402725,670800,5.22378676077,0.00224417559159,1.24685625842,,0.0240031737355,0.425275186517,0.401254069886,9.02806154646e-320,0.190274402725
0.326420954844,674303,17.5986298736,0.0110998727672,1.42856945833,,0.0271888014835,0.464382346039,0.437031136367,1.81850742265e-319,0.326420954844
0.271171636839,674305,13.3972733422,0.00464293968456,1.39272343222,,0.0387819289065,0.458851461566,0.421531289574,3.12501461651e-319,0.271171636839
0.254742879714,674308,13.1221227657,0.00435813316929,1.38719483009,,0.0283312577704,0.477444451927,0.449682493266,2.55298541176e-319,0.254742879714
0.201028010871,674311,3.6075415859,0.00221742911042,0.454398678414,,0.0250167898252,0.480862544408,0.454657346881,3.22822492993e-320,0.201028010871
0.23350030303,674312,6.15740707071,0.00309049393939,1.36677272727,,0.0212535353535,0.48788,0.467011616162,4.42584005545e-320,0.23350030303
0.223688489677,674313,3.63345068381,0.00312556483641,1.27071477518,,0.0359920334149,0.468697525065,0.432212025826,5.31268788973e-320,0.223688489677
0.206600541648,674316,1.96872046976,0.00253822743955,1.30479262494,,0.0740061854628,0.469610577911,0.431218928464,3.53602782729e-320,0.206600541648
0.195742939507,674330,2.70994,0.00198178126622,1.26093040343,,0.129132186462,0.474607273015,0.433938708325,2.6674604219e-320,0.195742939507
0.113239473684,674331,2.04926842105,0.00100058552632,0.73725,,0.0274111842105,0.274282894737,0.264419078947,2.16400752878e-321,0.113239473684
0.204136476851,674333,2.22166548491,0.00204868164583,1.23488241875,,0.0444061197724,0.469336617351,0.424337516019,6.21628454941e-319,0.204136476851
0.155518319434,674336,0.902296101411,0.000731789047484,1.20306423257,,0.162067001422,0.474347022311,0.413603370707,6.28155062123e-320,0.155518319434
0.194386804189,674338,4.11093803649,0.00186940109535,1.18582508956,,0.0337612199225,0.45463885603,0.420417601336,3.49650257562e-320,0.194386804189
0.196471949475,674345,3.72808956217,0.00174677818741,1.29204325913,,0.0360503189174,0.477472790305,0.440795969231,9.55374739363e-320,0.196471949475
0.311841564762,675751,32.9297333234,0.0142713799076,1.40629283536,,0.0245012473433,0.469849469275,0.445661241645,1.54780885529e-319,0.311841564762
0.205195008244,675765,3.07351567288,0.00229996420548,1.33509739546,,0.0708581905107,0.464167794068,0.415997553978,3.63434689081e-320,0.205195008244
0.201202538126,675766,2.21216391987,0.00196988815442,1.36743831905,,0.0774398156217,0.464497068997,0.411320874413,3.31765081182e-320,0.201202538126
0.205628105713,675767,2.72823401058,0.00223170541059,1.35972297113,,0.0633016766435,0.464091725256,0.414733860878,4.13187099617e-320,0.205628105713
0.215075407014,675768,5.55674783919,0.00452871848214,1.22611474993,,0.0286873832358,0.448505017203,0.423101674692,5.55230972796e-320,0.215075407014
0.360125447398,675769,51.8170356807,0.0156065567117,1.36983995706,,0.0309113892216,0.445185012374,0.414925186744,2.99290146281e-319,0.360125447398
0.204957703272,675770,2.006530462,0.0020357579837,1.43009973454,,0.0608318059034,0.463786963336,0.410999600071,8.11947482376e-320,0.204957703272
0.252005991073,675772,13.0081688045,0.00468101488869,1.31533562675,,0.0294372827416,0.453768163189,0.42466907245,2.14533184737e-319,0.252005991073
0.210236524686,675780,3.27349034163,0.0026517229485,1.3620588357,,0.0438431815834,0.467401917723,0.428453446532,3.7064804751e-320,0.210236524686
0.212932754415,677003,5.98211957119,0.00373310409159,1.26356313237,,0.146972254003,0.470665480659,0.423540511026,6.05230416156e-320,0.212932754415
0.201599581343,677004,7.337745996,0.00633896011151,1.11878649996,,0.11069639261,0.406879215691,0.364460851584,6.63678382059e-320,0.201599581343
0.214290336526,677007,11.603716461,0.00461363688085,1.20001227967,,0.030980084975,0.419031470922,0.387487068591,8.90059260983e-320,0.214290336526
0.283382862162,677069,23.7398200811,0.00892616133767,1.37540513342,,0.0277615444083,0.466417901558,0.438723555028,1.53273985309e-319,0.283382862162
0.226771539329,677071,5.49051776105,0.00318395482092,1.38394325167,,0.0714620628664,0.475199607644,0.439068238993,9.05721141956e-320,0.226771539329
0.217022111554,677076,3.92456826295,0.00331856693227,1.46045394737,,0.0272194422311,0.467477091633,0.438564143426,2.30481623785e-320,0.217022111554
